https://www.facebook.com/qcpeereducators/,A,T,C,,FACILITY NAME,ALT_FAC_NAME,UNIT NAME,CLASS,TYPE,REGION,PSGC_1,PROVINCE,PSGC_2,CITY/MUNICIPALITY,PSGC_3,BARANGAY,PSGC_4,STREET ADDRESS,UPDATED TEL NUMBER,Latitude,Longitude,EMAIL,SCHEDULE,WEBSITE,FB,COMMENTS,CONTRIBUTOR,SOURCE
,A,X,X,49,Bioscan Clinical Laboratory,,,,Identified HIV Testing/Counselling Facility,NCR,,Metropolitan Manila,,Caloocan City,,,,"Unit 9-J Teodoro St., 4th Ave. Grace Park",63 2 3616208,14.644,120.983,,,,https://www.facebook.com/Bioscan92/,,Mikko Tamura; Franklin Maraya,https://data.gov.ph/?q=dataset/hiv-testing-hospitals
,,,,50,Caloocan Social Hygiene Clinic,,,Gov,Identified HIV Testing/Counselling Facility,NCR,,Metropolitan Manila,,Caloocan City,,,,Social Hygiene Clinic Physician Mabini St. Caloocan Health Department,63 2 2888811 loc. 2281; 63 9176018331,14.651,120.971,,,https://www.govserv.org/PH/Caloocan/1626906194249580/Social-Hygiene-Clinic---SHC-Caloocan,,,Carmela Magayanes,https://www.webbline.com/hiv-testing-centers/
,X,X,X,51,Centralle Medical ( Camarin Branch),,,Private,Identified HIV Testing/Counselling Facility,NCR,,Metropolitan Manila,,Caloocan City,,Camarin,,"Units 5–7 Greeneco Bldg., Old Zabarte Road",63 2 8961717; 63 2 89616834,14.757,121.044,info@centrallemedical.com,Mo-Su 06:30-17:30,http://centrallemedical.com,,,Levin Daran,https://www.webbline.com/hiv-testing-centers/
,,,,52,Centralle Medical (Caloocan Branch),,,Private,Identified HIV Testing/Counselling Facility,NCR,,Metropolitan Manila,,Caloocan City,,,,"G/F First AMIJI Mansion 6th Ave., Cor M.H. Del Pilar St., Caloocan City",63 2 83669068; 63 2 83301596; 63 2 83610106,14.646,120.985,info@centrallemedical.com,Mo-Sa 06:30-18:00; Su 07:00-12:00,http://centrallemedical.com/caloocan,,,Allen Motas; Carmela Magayanes,https://www.webbline.com/hiv-testing-centers/
Y,X,X,X,53,Dr. Jose N. Rodriguez Memorial Hospital,Tala Hospital,,Gov,Treatment Hub,NCR,,Metropolitan Manila,,Caloocan City,,,,"St. Joseph Avenue, Tala Caloocan",63 9455861281; 63 9209824758; 63 39253547547; 63 9174592984,14.767,121.065,drjnrmh2003@yahoo.com,Mo-Th 08:00-19:00,http://djnrmh.doh.gov.ph,https://www.facebook.com/officialtalahospital/,,Mikko Tamura,https://www.doh.gov.ph/sites/default/files/statistics/HIV_2019_April.pdf
,,,,54,Fatima University Medical Center,,,,Identified HIV Testing/Counselling Facility,NCR,,Metropolitan Manila,,Caloocan City,,,,"120 MacArthur Highway, Valenzuela, 1440 Metro Manila",63 2 2916538; 63 9436850828,14.678,120.980,fumcwebemail@gmail.com,Mo-Su 08:00-17:00,https://www.fumc.com.ph,,,Carmela Magayanes,https://data.gov.ph/?q=dataset/hiv-testing-hospitals
,X,X,X,55,Manila Central University Hospital (MCU Hospital),,,,Identified HIV Testing/Counselling Facility,NCR,,Metropolitan Manila,,Caloocan City,,,,"MCU Hospital, EDSA, Caloocan City",63 2 3672031to 45,14.658,120.987,customercare@mcuhospital.org,24/7,www.mcuhospital.org,,,Carmela Magayanes,https://data.gov.ph/?q=dataset/hiv-testing-hospitals
,X,X,X,56,Las Piñas City Medical Center and Laboratory,,,,Identified HIV Testing/Counselling Facility,NCR,,Metropolitan Manila,,Las Piñas City,,,,"#1314 Marcos Alvarez Ave. Talon V, Las Piñas City",63 2 8005695; 63 98000825,14.430,121.004,info@citymed.com.ph,,X,https://www.facebook.com/citymedph,,Mikko Tamura; Carmela Magayanes,https://data.gov.ph/?q=dataset/hiv-testing-hospitals
X,A,X,X,57,Las Piñas City Social Hygiene Clinic,,,Gov,Primary HIV Care Facility,NCR,,Metropolitan Manila,,Las Piñas City,,,,"Barrio Hall, Alabang-Zapote Road, Almansa, Las Piñas City",63 2 88178819; 63 2 8006406; 63 2 8739145; 63 9954364920,14.433,121.013,lpc.socialhygiene@gmail.com,Mo-Fr 08:00-16:00,X,https://www.facebook.com/pages/category/Medical-Center/Las-Pinas-Social-Hygiene-Clinic-101387847179813/,,Iosif,https://www.doh.gov.ph/sites/default/files/statistics/HIV_2019_April.pdf
,X,X,X,58,University of Perpetual Help Rizal Medical Center,,,Private,Identified HIV Testing/Counselling Facility,NCR,,Metropolitan Manila,,Las Piñas City,,,,"Alabang Zapote Road, Pamplona 3, Las Piñas City, 1740",63 2 8748515 loc. 221; 63 2 8737210,14.448,120.986,,,https://phmc.com.ph/,,,Mikko Tamura,https://data.gov.ph/?q=dataset/hiv-testing-hospitals
,X,X,X,59,Hi-Precision Diagnostics (Las Piñas Branch),,,Private,Identified HIV Testing/Counselling Facility,NCR,,Metropolitan Manila,,Las Pnas City,,,,"Lot 2 - D1 to 3, Alabang Zapote Rd., Talon Dos, Las Piñas City",63 9177030578; 63 9437073290; 63 2 88006818; 63 2 88006824; 63 2 88006825,14.443,120.995,info@hi-precision.com.ph,Mo-Sa 06:00-17:00; Su 06:00-12:00,https://www.hi-precision.com.ph,,,Papu Torres,https://www.webbline.com/hiv-testing-centers/
,A,X,X,60,Angelus Medical Clinic,,,Private,Identified HIV Testing/Counselling Facility,NCR,,Metropolitan Manila,,Makati City,,,,"1730 Dian St, Barangay Palanan, Makati City",63 2 87438717-21; 63 2 82887927,14.560,121.002,info@angelusmed.com,Mo-Fr 08:00-17:00,https://angelusmed.com/,,,Mikko Tamura,https://data.gov.ph/?q=dataset/hiv-testing-hospitals
,A,X,X,61,Asia Pacific Medical and Diagnostic Services Inc.,,,Private,Identified HIV Testing/Counselling Facility,NCR,,Metropolitan Manila,,Makati City,,,,"3/F Alscophil Bldg. 2053 Edison Cor. Faraday St., San Isidro",63 2 8872145; 63 2 8871865,14.554,121.003,info@apdiags.com,Mo-Fr 07:30-17:30; Sa 07:30-16:30,www.apdiags.com,,,Mikko Tamura; Carmela Magayanes,https://data.gov.ph/?q=dataset/hiv-testing-hospitals
,,,,62,Clinilab Medical Services Inc.,,,,Identified HIV Testing/Counselling Facility,NCR,,Metropolitan Manila,,Makati City,,,,"2/F Orchid Tower Oriental Gardens, Don Chino Roces Ave.",63 2 7298966,14.559,121.012,info@clinilabmedical.com,,,,,,https://data.gov.ph/?q=dataset/hiv-testing-hospitals
,A,X,X,63,Halcyon Marine HealthCare Systems,,,Private,Identified HIV Testing/Counselling Facility,NCR,,Metropolitan Manila,,Makati City,,,,"222 Sen. Gil J. Puyat Avenue Ground and 3rd Floors, Maria Cornelia Building, Makati 1230",63 2 8640213-14 loc. 115; 63 2 8640262,14.559,121.011,inquiry@halcyonmarine.com.ph,Mo-Fr 06:00-18:00; Sa 8:00-14:00,https://www.halcyonmarine.com.ph,,,Carmela Magayanes,https://data.gov.ph/?q=dataset/hiv-testing-hospitals
,A,X,X,64,HealthLab and Medical Services Inc.,,,Private,Identified HIV Testing/Counselling Facility,NCR,,Metropolitan Manila,,Makati City,,,,"Suite 802 and 1601 Medical Plaza Makati Bldg, Makati City",63 2 8671140; 63 2 8671141,14.558,121.014,healthlabinc@gmail.com,,http://www.healthlab.com.ph/,,,Carmela Magayanes,https://data.gov.ph/?q=dataset/hiv-testing-hospitals
,A,X,X,65,Hi-Precision Diagnostics (Rockwell Branch),,,Private,Identified HIV Testing/Counselling Facility,NCR,,Metropolitan Manila,,Makati City,,,,"R3 Level 324A Rockwell Power Plant Mall, Makati City",63 9228906667; 63 9178481765; 63 2 84780377; 63 2 84048120,14.564,121.036,info@hiprecision.com.ph,Mo-Sa 06:45-18:00; Su 06:45-17:00,https://www.hi-precision.com.ph/branch.do?item_id=1024247044&mobile_selected=true,,,"Papu Torres, Carmela Magayanes",https://www.webbline.com/hiv-testing-centers/
Y,X,X,X,66,Makati Medical Center,,CTTM,Private,Treatment Hub,NCR,,Metropolitan Manila,,Makati City,,,,"#2 Amorsolo St., Legaspi Village, Makati City",63 2 8888999 loc. 2134; 63 9178014314; 63 9066618618; 63 9182823363,14.559,121.015,mmc@makatimed.net.ph,24/7,https://www.makatimed.net.ph,,,Mikko Tamura,https://www.doh.gov.ph/sites/default/files/statistics/HIV_2019_April.pdf
,A,X,X,67,Makati Social Hygiene Clinic,,,Gov,Identified HIV Testing/Counselling Facility,NCR,,Metropolitan Manila,,Makati City,,,,"Social Hygiene Clinic 7th floor Makati City Hall building 1 JP Rizal Street, Makati, 1200 Metro Manila",63 2 8701000; 63 2 8701615,14.571,121.027,,Mo-Fr 08:00-17:00,X,https://www.facebook.com/pages/category/Medical-Center/Makati-Social-Hygiene-Clinic-710036596017890/,,"Adam Banto, Carmela Magayanes",https://www.webbline.com/hiv-testing-centers/
,,,,68,Medical Towers Laboratory and Diagnostic Center,,,,Identified HIV Testing/Counselling Facility,NCR,,Metropolitan Manila,,Makati City,,,,"Suite 510-512 Medical Towers Bldg, VA Rufino, Makati City",63 2 8183175,14.557,121.018,,,,,,,https://data.gov.ph/?q=dataset/hiv-testing-hospitals
,X,X,X,70,Ospital ng Makati,OsMak,,Gov,Identified HIV Testing/Counselling Facility,NCR,,Metropolitan Manila,,Makati City,,,,"Sampaguita St., Cor. Dahlia St., Fort Bonifacio, Makati City","63 2 5246061 loc. 354,358",14.546,121.062,,,X,https://www.facebook.com/OspitalngMakatiOsmak/,,Mikko Tamura,https://data.gov.ph/?q=dataset/hiv-testing-hospitals
,,,,71,P and D  Peralta Medical Clinic Laboratory,,,Private,Identified HIV Testing/Counselling Facility,NCR,,Metropolitan Manila,,Makati City,,,,"3rd Filipino Bldg. 1355 Dela Rosa St Cor. Legazpi Village,.Makati City",63 2 8172632; 63 2 8100820,14.558,121.017,,Mo-Sa 10:00-18:00,https://www.practo.com/makati/clinic/p-and-d-peralta-medical-clinic-makati-city,,,Carmela Magayanes,https://data.gov.ph/?q=dataset/hiv-testing-hospitals
,A,X,X,72,PTC Health Metrics Inc.,,,Private,Identified HIV Testing/Counselling Facility,NCR,,Metropolitan Manila,,Makati City,,,,"Merry Land Bldg.
1157 Chino Roces Ave., San Antonio Village 1203,
Makati City, Philippines",63 2 77951234; 63 2 82409000; 63 917851613; 63 9178519614,14.565,121.012,info@healthmetrics.com.ph,,https://www.healthmetrics.com.ph/,,,Carmela Magayanes,https://data.gov.ph/?q=dataset/hiv-testing-hospitals
,,,,73,"RGO Laboratory and Industrial Diagnostic Center, Inc.",,,,Identified HIV Testing/Counselling Facility,NCR,,Metropolitan Manila,,Makati City,,,,"Emiluz Bldg, 1980 M. Reyes Street, Bangkal, Makati City",63 2 88891311; 63 2 88431853; 63 2 88894944; 63 2 88214709,14.544,121.010,,Mo-Fr 08:00-18:00,https://www.rgolab.com.ph/,,,Carmela Magayanes,https://data.gov.ph/?q=dataset/hiv-testing-hospitals
,,,,74,"RNL Medical and Diagnostic Center, Inc.",,,,Identified HIV Testing/Counselling Facility,NCR,,Metropolitan Manila,,Makati City,,,,"5th Floor Wisma Cyberhub Building No. 45 Gil Puyat Ave., Makati City",63 2 9091244,14.556,121.003,,,http://rnlmedicalclinic.com/,,,Carmela Magayanes,https://data.gov.ph/?q=dataset/hiv-testing-hospitals
,,,,75,"Sacred Heart Diagnostic Medical Clinic, Inc.",,,,Identified HIV Testing/Counselling Facility,NCR,,Metropolitan Manila,,Makati City,,,,"2nd Floor, Right Wing, Maga Center, Paseo de Magallanes, Makati City",63 2 8530235; 63 2 8530633,14.539,121.017,sacredheartdiagnostic@gmail.com,Mo-Fr 08:00-17:00; Sa 08:00-14:00,http://sacredheartdiagnostic.com,,,Carmela Magayanes,https://data.gov.ph/?q=dataset/hiv-testing-hospitals
X,A,X,X,77,Malabon City Social Hygiene Clinic,,,Gov,Primary HIV Care Facility,NCR,,Metropolitan Manila,,Malabon,,,,"Maya-Maya St., Corner Dagat-Dagatan Avenue, Longos, 1470 Malabon City",63 2 3733431; 63 9328761221,14.656,120.963,malabon.shc@yahoo.com,Mo-Fr 08:00-17:00,X,https://www.facebook.com/SHCMalabon/,,Kevin John Wandaga,https://www.doh.gov.ph/sites/default/files/statistics/HIV_2019_April.pdf
,,,,78,MicroMedic D' Micro asia Medical Laboratory,,,,Identified HIV Testing/Counselling Facility,NCR,,Metropolitan Manila,,Mandaluyong City,,,,"913 A.T Reyes St., Brgy Poblacion, Mandaluyong City",63 2 5351438,14.586,121.026,mlaboratory16@yahoo.com,Mo-Su 09:00-18:00,,https://facebook.com/pages/category/Medical-Lab/D-Microasia-Medical-Lab-Inc-127956387312206/,,,https://data.gov.ph/?q=dataset/hiv-testing-hospitals
,,,,79,Echavez Medical Services,,,,Identified HIV Testing/Counselling Facility,NCR,,Metropolitan Manila,,Mandaluyong City,,,,"Arle Square Unit E, 187 Edsa,Mandaluyong City",63 2 87219776,14.592,121.058,echavezm@echavezmedical.com,,,,,,https://data.gov.ph/?q=dataset/hiv-testing-hospitals
,A,X,X,80,Health Cube Medical Clinics (Shaw Branch),,,Private,Identified HIV Testing/Counselling Facility,NCR,,Metropolitan Manila,,Mandaluyong City,,,,"240 Shaw Blvd, Mandaluyong, 1552 Metro Manila",63 2 6521111,14.591,121.033,inquiry@healthcube.com.ph,,https://healthcubemedicalclinics.continuouscare.io/,,,Kevin John Wandaga,https://www.webbline.com/hiv-testing-centers/
X,X,X,X,81,Love Yourself Anglo,,,NGO,Primary HIV Care Facility,NCR,,Metropolitan Manila,,Mandaluyong City,,,,"Unit 5, 3/F, Anglo Building, #715-A Shaw Boulevard, Mandaluyong City",63 9205021007; 63 9995292330; 63 9566151230; 63 9153107336,14.584,121.051,info@loveyourself.ph,We-Su 12:00-17:00,http://www.loveyourself.ph/p/hiv-test-sites.html,,,Mikko Tamura,https://www.doh.gov.ph/sites/default/files/statistics/HIV_2019_April.pdf
X,A,,,82,Mandaluyong Social Hygiene Clinic,,,Gov,Primary HIV Care Facility,NCR,,Metropolitan Manila,,Mandaluyong City,,,,"20 M. Lerma St. cor. Vicencio St, Mandaluyong City",63 2 85467799; 63 2 83558367,14.580,121.027,,,X,https://www.facebook.com/shcmanda/,,,https://www.doh.gov.ph/sites/default/files/statistics/HIV_2019_April.pdf
X,X,,,83,St. Patrick's Clinic and Laboratory,,,Private,Primary HIV Care Facility,NCR,,Metropolitan Manila,,Mandaluyong CIty,,,,566 Shaw Blvd.,63 2 5339291; 63 2 34917349; 63 9178281278,14.586,121.048,,,,https://facebook.com/stpatricksclinic/,,Mikko Tamura,https://data.gov.ph/?q=dataset/hiv-testing-hospitals
,A,X,X,84,Sustained Health Initiatives of the Philippines Clinic,The SHIP Clinic,,NGO,Primary HIV Care Facility,NCR,,Metropolitan Manila,,Mandaluyong City,,,,St. Patrick’s Healthcare Building at 566 Shaw Blvd. Mandaluyong,63 2 4917349,14.586,121.048,info@ship.ph,Fr-We 14:00-19:00,http://www.ship.ph/,,,Iosif,https://www.webbline.com/hiv-testing-centers/
,,,,85,Victor R. Potenciano Medical Center,,,,Identified HIV Testing/Counselling Facility,NCR,,Metropolitan Manila,,Mandaluyong CIty,,,,163 Epifanio delos santos Ave.,63 2 5314911 loc. 236; 63 2 5337957,14.577,121.050,info@vrp.com.ph,Fr-We 14:00-19:00,https://www.vrp.com.ph/,,,Mikko Tamura,https://data.gov.ph/?q=dataset/hiv-testing-hospitals
,A,X,X,86,Agoncillo Medical Clinic,,,,Identified HIV Testing/Counselling Facility,NCR,,Metropolitan Manila,,Manila City,,,,"G/F Bldg 1721, F. Agoncillo St., Malate Manila",63 2 3025288,14.575,120.991,agoncillomed@yahoo.com,,,,,Mikko Tamura,https://data.gov.ph/?q=dataset/hiv-testing-hospitals
,A,X,X,87,Alif Medical and Diagnostic Clinic,,,,Identified HIV Testing/Counselling Facility,NCR,,Metropolitan Manila,,Manila City,,,,3rd Floor Agoncillo Bldg Cor. Pedro Gil Taft Ave. Manila,63 2 4041538; 63 2 5265780,14.576,120.988,,,,,,Mikko Tamura,https://data.gov.ph/?q=dataset/hiv-testing-hospitals
,A,X,X,88,American Out Patient Clinic,,,,Identified HIV Testing/Counselling Facility,NCR,,Metropolitan Manila,,Manila City,,,,"2/F FEMII Bldg., A. Soriano Ave., Intramuros Manila",63 2 85271611; 63 2 85272853,14.593,120.973,admin@americanoutpatient.com,,https://americanoutpatient.com/,,,Mikko Tamura,https://data.gov.ph/?q=dataset/hiv-testing-hospitals
,,,,89,Arguelles Medical Clinic,,,,Identified HIV Testing/Counselling Facility,NCR,,Metropolitan Manila,,Manila City,,,,"1271 Zobel Roxas, Malate, Manila",63 2 5215353,14.566,121.003,email@a-md.com,,,,,Mikko Tamura,https://data.gov.ph/?q=dataset/hiv-testing-hospitals
,,,,90,Asiatic Medical Laboratories Inc.,,,,Identified HIV Testing/Counselling Facility,NCR,,Metropolitan Manila,,Manila City,,,,"Rm. 205 Se Jo Tong Bldg., 808 Ongpin St., Sta Cruz Manila",63 2 7333087; 63 2 7333065,14.612,121.033,asiaticmed@yahoo.com,,,https://facebook.com/asiaticmedlab2015/,,Mikko Tamura,https://data.gov.ph/?q=dataset/hiv-testing-hospitals
,A,X,X,91,Avs Medical Clinic,,,,Identified HIV Testing/Counselling Facility,NCR,,Metropolitan Manila,,Manila City,,,,"2/F, 1214 Arquiza St., Cor. M.H Del Pilar, Ermita,Manila",63 2 5229552,14.578,120.980,avsmedicalclinic@yahoo.com,,,https://facebook.com/pages/category/Medical-Service/AVS-Medical-Clinic-INC-1410210992630688/,,Mikko Tamura,https://data.gov.ph/?q=dataset/hiv-testing-hospitals
,A,X,X,92,Calpe Medical Services and Supplies,,,Private,Identified HIV Testing/Counselling Facility,NCR,,Metropolitan Manila,,Manila City,,,,"1421 A. Mabini St., Ermita, Manila",63 2 9201023,14.576,120.982,,,,,,,https://data.gov.ph/?q=dataset/hiv-testing-hospitals
,A,X,X,93,CBZ Medical Clinic,,,Private,Identified HIV Testing/Counselling Facility,NCR,,Metropolitan Manila,,Manila City,,,,"1507 NFWC Bldg, San Marcelino, Ermita, Manila",63 2 5269133; 63 2 5214736; 63 2 5269133,14.578,120.990,,,,,,Mikko Tamura,https://data.gov.ph/?q=dataset/hiv-testing-hospitals
,A,X,X,94,Centerport Medical Services Inc.,,,Private,Identified HIV Testing/Counselling Facility,NCR,,Metropolitan Manila,,Manila City,,,,"4th Flr Victoria Bldg ., 429 U.N Ave. Cor. L.M., Ermita, Manila",63 2 5260221,14.579,120.979,centerportmed@yahoo.com,,,https://facebook.com/pages/category/Home-Health-Care-Service/Centerport-Medical-Services-Inc-121653861663475/,,Mikko Tamura,https://data.gov.ph/?q=dataset/hiv-testing-hospitals
,,,,95,CEU Clinical Laboratory,,,,Identified HIV Testing/Counselling Facility,NCR,,Metropolitan Manila,,Manila City,,,,No. 9 Mendiola St.,63 2 735686169 loc. 237; 63 2 7356876,14.598,120.993,,,,,,,https://data.gov.ph/?q=dataset/hiv-testing-hospitals
,X,X,X,96,Chinese General Hospital and Medical Center,,,,Identified HIV Testing/Counselling Facility,NCR,,Metropolitan Manila,,Manila City,,,,"286 Blumentritt St., Sta. Cruz",63 2 87114141 loc. 69370,14.626,120.988,,,https://cghmc.com.ph/online/,https://www.facebook.com/pages/category/Hospital/cghmcofficial,,Mikko Tamura,https://data.gov.ph/?q=dataset/hiv-testing-hospitals
,,,,97,Clemen's Medical Clinic,,,,Identified HIV Testing/Counselling Facility,NCR,,Metropolitan Manila,,Manila City,,,,"3rd Floor Goodwill Bldg. 1662 Leon Guinto, Malate Manila",63 2 5227920-21; 63 2 5222336,14.576,120.990,clemensmedicalclinic101@gmail.com,,http://clemensmedicalclinic.blogspot.com/?m=1,,,,https://data.gov.ph/?q=dataset/hiv-testing-hospitals
,,,,98,Clinical Occupational Medicine and Treatment Center (CLINICOMED),,,,Identified HIV Testing/Counselling Facility,NCR,,Metropolitan Manila,,Manila City,,,,"470-San Andres Cor. M.H Del Pilar St., Malate, Manila",63 2 5215499; 63 2 5260840,14.569,120.985,clinico.admin@clinicomed.com,,https://www.clinicomed.com/home/,,,,https://data.gov.ph/?q=dataset/hiv-testing-hospitals
,,,,99,Co Medical and Diagnostic Clinic,,,,Identified HIV Testing/Counselling Facility,NCR,,Metropolitan Manila,,Manila City,,,,"Suite 101 Maxim Bldg # 805-809 G. Masankay st, Manila,Binondo, Manila",63 2 2448669,14.602,120.975,,,,,,,https://data.gov.ph/?q=dataset/hiv-testing-hospitals
,X,X,X,100,Dr. Jose Fabella Memorial Hospital,,,Gov,Identified HIV Testing/Counselling Facility,NCR,,Metropolitan Manila,,Manila City,,,,"Lope De Vega St., Sta. Cruz Manila","63 2 7345561 loc. 104,115; 63 2 7347146",14.606,120.984,fabella_mcc@yahoo.com,,http://fabella.doh.gov.ph/,,,Mikko Tamura,https://data.gov.ph/?q=dataset/hiv-testing-hospitals
,,,,101,Eastern Doctors Medical Services Inc.,,,Private,Identified HIV Testing/Counselling Facility,NCR,,Metropolitan Manila,,Manila City,,,,"Suite G-1 Bel-Air, Apts. 1020 Roxas Blvd., Ermita Manila",63 2 5215499; 63 2 5260840,14.580,120.978,edmsi.marketing@yahoo.com,,https://www.easterndoctorsmedical.com/,,,,https://data.gov.ph/?q=dataset/hiv-testing-hospitals
,,,,102,Ely Rose Medical and Diagnostic Center,,,,Identified HIV Testing/Counselling Facility,NCR,,Metropolitan Manila,,Manila City,,,,"2008 AandB Taft Ave., Manila",63 2 5236854,14.555,120.997,,,,,,,https://data.gov.ph/?q=dataset/hiv-testing-hospitals
,,,,103,Excelsis Medical and Diagnostic Clinic,,,,Identified HIV Testing/Counselling Facility,NCR,,Metropolitan Manila,,Manila City,,,,"101 2nd Flr. Palisade Bldg. Ma. Orosa St., Ermita Manila",63 2 3531110,14.580,120.982,,,,,,,https://data.gov.ph/?q=dataset/hiv-testing-hospitals
,,,,104,First Medical Team Health Care Specialist Group,,,,Identified HIV Testing/Counselling Facility,NCR,,Metropolitan Manila,,Manila City,,,,"4th Flr. San Luis Terraces Bldg., T.M Kalaw, Ermita Manila",63 2 5229782; 63 2 5266107; 63 2 6891430; 63 2 6183362,14.582,120.982,firstmedicalteam@yahoo.com,,https://firstmedicalteam.com/,,,,https://data.gov.ph/?q=dataset/hiv-testing-hospitals
,,,,105,First Multi Health Care Services,,,,Identified HIV Testing/Counselling Facility,NCR,,Metropolitan Manila,,Manila City,,,,3rd Flr. Lopez and Cabana Bldg. 2106 Taft Cor. Quirino Manila,63 2 4043798-99,14.594,120.992,fmhs2001@yahoo.com,,,,,,https://data.gov.ph/?q=dataset/hiv-testing-hospitals
,,,,106,"Galenus Clinic, Inc.",,,,Identified HIV Testing/Counselling Facility,NCR,,Metropolitan Manila,,Manila City,,,,"3/F Ferguson Park Tower M.H. Del Pilar or. A-flores St., Ermita Manila",63 2 5284185; 63 2 5284196; 63 2 5369716,14.579,120.979,,,,,,,https://data.gov.ph/?q=dataset/hiv-testing-hospitals
,,,,107,Health Point Medical Clinic and Diagnostic,,,,Identified HIV Testing/Counselling Facility,NCR,,Metropolitan Manila,,Manila City,,,,"577 Padre Faura St., Ermita, Manila",63 2 5274286; 63 2 5274290,14.578,120.983,healthpointclinic@yahoo.com,,,,,,https://data.gov.ph/?q=dataset/hiv-testing-hospitals
,,,,108,Healthwise Diagnostic Lab,,,,Identified HIV Testing/Counselling Facility,NCR,,Metropolitan Manila,,Manila City,,,,"1417 B Richtown Tower Mayhaligue St., Sta Cruz, Manila",63 2 2544861,14.609,120.980,,,,,,,https://data.gov.ph/?q=dataset/hiv-testing-hospitals
,,,,109,Heartland Medical and Diagnostic Center,,,,Identified HIV Testing/Counselling Facility,NCR,,Metropolitan Manila,,Manila City,,,,"1717 Angel Linao St., Paco Manila",63 2 3031313,14.576,120.994,,,,,,Mikko Tamura,https://data.gov.ph/?q=dataset/hiv-testing-hospitals
,,,,110,Hi-Precision Diagnostics (Taft Branch),,,Private,Identified HIV Testing/Counselling Facility,NCR,,Metropolitan Manila,,Manila City,,,,"1852 Taft Avenue, Malate, Manila",63 9328908921; 63 9178191761; 63 9338150532; 63 2 84050039; 63 2 84050135,14.573,120.990,info@hi-precision.com.ph,Mo-Sa 06:00-17:00,https://www.hi-precision.com.ph/,,,Papu Torres,https://www.webbline.com/hiv-testing-centers/
,,,,111,Hi-Precision Diagnostics (TM Kalaw Branch),,,Private,Identified HIV Testing/Counselling Facility,NCR,,Metropolitan Manila,,Manila City,,,,"G/F Rm. 102 San Luis Terraces, 638 T.M. Kalaw St.",63 9338193852; 63 9175782256; 63 2 84050151; 63 2 84041441,14.582,120.982,info@hi-precision.com.ph,Mo-Sa 06:00-18:00,https://www.hi-precision.com.ph/,,,Papu Torres,https://www.webbline.com/hiv-testing-centers/
,,,,112,Holy Angel Medical Clinic Inc.,,,,Identified HIV Testing/Counselling Facility,NCR,,Metropolitan Manila,,Manila City,,,,"603 AP Bldg., Pedro Gil St.,Ermita, Manila",63 2 5216112; 63 2 5216114,14.577,120.989,,,,https://www.facebook.com/HolyAngelMedicalCliniInc/,,,https://data.gov.ph/?q=dataset/hiv-testing-hospitals
,X,X,X,113,Hospital of the Infant Jesus,,,,Identified HIV Testing/Counselling Facility,NCR,,Metropolitan Manila,,Manila City,,,,"1556 Laong Laan Road., Sampaloc, Manila",63 2 7312771 loc. 151,14.614,120.989,info@hijmc.com,,http://hijmc.com/,,,"Mikko Tamura, Carmela Magayanes",https://data.gov.ph/?q=dataset/hiv-testing-hospitals
,,,,114,Intercon Diagnostic Labotory Inc. (main),,,,Identified HIV Testing/Counselling Facility,NCR,,Metropolitan Manila,,Manila City,,,,"453 Juan Luna St, Binondo, Manila",63 2 2428061,14.601,120.973,,,https://www.interconlaboratory.com/,,,,https://data.gov.ph/?q=dataset/hiv-testing-hospitals
,,,,115,International Diagnostic Center Inc.,,,,Identified HIV Testing/Counselling Facility,NCR,,Metropolitan Manila,,Manila City,,,,"1901 IDC Bldg., 429 United Nation Ave., Ermita, Manila",63 2 5366682,14.574,120.993,,,X,https://facebook.com/IDCIRemedios/,,,https://data.gov.ph/?q=dataset/hiv-testing-hospitals
,,,,116,International Health Aide Diagnostic Services Inc.,,,,Identified HIV Testing/Counselling Facility,NCR,,Metropolitan Manila,,Manila City,,,,2F Joshua Center Bldg. 1428 Taft Ave. Ermita Manila,63 2 5222772 loc. 105; 63 2 5281086,14.578,120.987,ihadsmanila@gmail.com,,,https://facebook.com/ihadsph/,,,https://data.gov.ph/?q=dataset/hiv-testing-hospitals
,,,,117,JED Diagnostic Center,,,,Identified HIV Testing/Counselling Facility,NCR,,Metropolitan Manila,,Manila City,,,,"3rd Floor Godino Tower, 350 Arroceros St., Ermita Manila",63 2 5225086; 63 2 4005676; 63 2 5225086,14.589,120.982,,,,,,,https://data.gov.ph/?q=dataset/hiv-testing-hospitals
,,,,118,Jose L. Guttierrez Clinic,,,,Identified HIV Testing/Counselling Facility,NCR,,Metropolitan Manila,,Manila City,,,,"2031 M.H. Del Pillar ST.,Malate,Manila",63 2 5232570; 63 2 5248995,14.580,120.981,,,,https://facebook.com/JLGClinicPH/,,,https://data.gov.ph/?q=dataset/hiv-testing-hospitals
,X,X,X,119,Jose R. Reyes Memorial Medical Center,,,Gov,Identified HIV Testing/Counselling Facility,NCR,,Metropolitan Manila,,Manila City,,,,"Bldg. 14, DOH Compound, Sta. Cruz, Manila",63 2 7400246; 63 2 7438301 loc. 1702; 63 9228245216,14.614,120.982,,,http://www.jrrmmc.gov.ph/,,,Mikko Tamura,https://data.gov.ph/?q=dataset/hiv-testing-hospitals
,A,X,X,120,Love Yourself Welcome,,,NGO,Identified HIV Testing/Counselling Facility,NCR,,Metropolitan Manila,,Manila City,,,,"858 Blumentritt Road corner Remedios Street, Sampaloc, Manila",63 9672071976,14.615,121.000,info@loveyourself.ph,We-Sa 12:00-16:00; Su 09:00-14:00,http://www.loveyourself.ph/?m=1,,,Mikko Tamura,https://www.wheninmanila.com/list-of-clinics-in-philippines-that-offer-free-hiv-testing/
Y,X,X,X,121,Manila Doctors Hospital,,The H.U.B. @ MDH,Private,Treatment Hub,NCR,,Metropolitan Manila,,Manila City,,,,"667 United Nations Ave, Ermita, Manila, 1000 Metro Manila",63 2 5580888 loc. 4480; 63 2 5247376; 63 9989557598,14.582,120.983,info@maniladoctors.com.ph,"Mo-Fr 08:00-17:00, Sa 08:00-16:00",https://www.maniladoctors.com.ph/,,,Kevin John Wandaga,https://www.doh.gov.ph/sites/default/files/statistics/HIV_2019_April.pdf
X,A,X,X,122,Manila Social Hygiene Clinic,,,Gov,Primary HIV Care Facility,NCR,,Metropolitan Manila,,Manila City,,,,"208 Quiricada St, Santa Cruz, Manila, 1003 Metro Manila",63 2 53101326; 63 2 7498273; 63 9089004883; 63 9357472929; 63 9455102130,14.613,120.982,manilasocialhygieneclinic@yahoo.com,Mo-Fr 08:00-17:00,X,https://www.facebook.com/ManilaSocialHygiene/,,Adam Banto,https://www.doh.gov.ph/sites/default/files/statistics/HIV_2019_April.pdf
,,,,123,Maritime Medical and laboratory Clinic Inc.,,,,Identified HIV Testing/Counselling Facility,NCR,,Metropolitan Manila,,Manila City,,,,"2/F Paragon Tower Hotel 531 A. Flores St., Ermita Manila",63 2 5263812; 63 2 5263816,14.580,120.981,,,,,,,https://data.gov.ph/?q=dataset/hiv-testing-hospitals
Y,X,X,X,124,Mary Johnston Hospital,,MJH Jacob's Well Clinic,,Treatment Hub,NCR,,Metropolitan Manila,,Manila City,,,,"1221 Juan Nolasco Street, Tondo Manila","63 2 2454021 loc. 385,412",14.609,120.966,maryjohnstonhospital@yahoo.com.ph,Mo-Fr 08:00-16:00,http://maryjohnston.ph/,,,,https://www.doh.gov.ph/sites/default/files/statistics/HIV_2019_April.pdf
,,,,125,Med Watch Medical Clinic and Diagnostic center,,,,Identified HIV Testing/Counselling Facility,NCR,,Metropolitan Manila,,Manila City,,,,"1616 Tetra Global Bldg., Pedro Gil Cor. Vasquez, Manila",63 2 4040942,14.575,120.987,,,,,,,https://data.gov.ph/?q=dataset/hiv-testing-hospitals
,,,,126,Medical Center Manila,,,,Identified HIV Testing/Counselling Facility,NCR,,Metropolitan Manila,,Manila City,,,,"1122 Gen. Luna St.,Ermita, Manila",63 2 5238131 loc. 2107,14.583,120.985,,,https://www.manilamed.com.ph/,,,,https://data.gov.ph/?q=dataset/hiv-testing-hospitals
,,,,127,Medway Healthcare Inc.,,,,Identified HIV Testing/Counselling Facility,NCR,,Metropolitan Manila,,Manila City,,,,"G/F 1636 F. Agoncillo St. Malate, Manila",63 2 4040530,14.576,120.990,info@medway.com.ph,,http://www.medway.com.ph/,,,,https://data.gov.ph/?q=dataset/hiv-testing-hospitals
,,,,128,Metropolitan Medical Center,,,,Identified HIV Testing/Counselling Facility,NCR,,Metropolitan Manila,,Manila City,,,,"1357 G. Masangkay St., Sta. Cruz Manila",63 2 2541111 loc. 2101,14.609,120.979,customercare@metromedicalcenter.ph,,https://www.mmc.com.ph/,,,Mikko Tamura,https://data.gov.ph/?q=dataset/hiv-testing-hospitals
,,,,129,MVR Laboratory Diagnostic Center,,,,Identified HIV Testing/Counselling Facility,NCR,,Metropolitan Manila,,Manila City,,,,"Rm 501 Trinity Bldg., 636 T.M Kalaw St., Ermita Manila",63 2 4043755; 63 2 5240515,14.582,120.982,,,X,https://facebook.com/pages/category/Medical-Company/MVR-Laboratory-Diagnostic-Center-553055564768894/,,,https://data.gov.ph/?q=dataset/hiv-testing-hospitals
,,,,130,"Notre Dame Medico Dental Clinics, Inc.",,,,Identified HIV Testing/Counselling Facility,NCR,,Metropolitan Manila,,Manila City,,,,"Elena II Bldg., 1036 J. Nakpil St., Malate, Manila",63 2 5232311 loc. 104,14.575,120.993,info@notredameclinic.com,,https://www.notredameclinic.com/,,,,https://data.gov.ph/?q=dataset/hiv-testing-hospitals
,,,,131,"OCW Medical Clinic, Inc.",,,,Identified HIV Testing/Counselling Facility,NCR,,Metropolitan Manila,,Manila City,,,,"3/F Regent Bldg., 1415 Gen. Luna St., Ermita Manila",63 2 5367513; 63 2 5239176,14.580,120.990,admin@ocwmedicalclinic.com.ph; mktg@ocwmedicalclinic.com.ph,,http://www.ocwmedicalclinic.com/,,,,https://data.gov.ph/?q=dataset/hiv-testing-hospitals
,X,X,X,132,Our Lady of Lourdes Hospital Clinical Laboratory,,,Private,Identified HIV Testing/Counselling Facility,NCR,,Metropolitan Manila,,Manila City,,,,"46 P. Sanchez St., Sta Mesa, Manila","63 2 7163901 loc. 229,287",14.595,121.023,marketing@ollh.ph,,,,,Adam Banto,https://data.gov.ph/?q=dataset/hiv-testing-hospitals
Y,X,X,X,133,Philippine General Hospital,,Philippine General Hospital-Department of Laboratories,Gov,Treatment Hub,NCR,,Metropolitan Manila,,Manila City,,,,"Taft Ave., Manila",63 2 85548400 loc. 3249; 63 9205031104,14.578,120.986,,Mo-Fr 08:00-16:00,https://www.pgh.gov.ph/,,,Mikko Tamura,https://www.doh.gov.ph/sites/default/files/statistics/HIV_2019_April.pdf
,,,,134,Physician Diagnostic Services Center,,,,Identified HIV Testing/Counselling Facility,NCR,,Metropolitan Manila,,Manila City,,,,"4/F Phisicians Tower 533 U.N Ave.,Ermita, Manila",63 2 5214967; 63 2 5214975,14.580,120.981,helpdesk@pdsclinic.com,,,,,,https://data.gov.ph/?q=dataset/hiv-testing-hospitals
,,,,135,Pinoy Plus Advocacy Pilipinas Inc.,,,NGO,Identified HIV Testing/Counselling Facility,NCR,,Metropolitan Manila,,Manila City,,,,"1965-B JRB Building, Anacleto Street, Sta Cruz, Manila,., Manila, Metro Manila",63 2 87437293,14.573,120.991,pinoy.plus@yahoo.com.ph,Mo-Fr 08:00-17:00,X,https://facebook.com/PinoyPlusAssociationInc/,,Papu Torres,https://www.webbline.com/hiv-testing-centers/
,A,X,X,136,Positibong Marino Philippines Inc.,,,NGO,Identified HIV Testing/Counselling Facility,NCR,,Metropolitan Manila,,Manila City,,,,"4th floor, Cabildo St. AMOSUP Seamen’s Center, Intramuros, Manila.",63 9975235171,14.589,120.976,admin@positibongmarino.com,,X,https://www.facebook.com/Positibong.MarinoPhil/,,Mikko Tamura,https://www.webbline.com/hiv-testing-centers/
,A,X,X,137,Positive Action Foundation Philippines Inc.,,,NGO,Identified HIV Testing/Counselling Facility,NCR,,Metropolitan Manila,,Manila City,,,,"2613 Dian St, Malate, Manila, 1004 Metro Manila",63 2 84042911,14.565,121.000,￼pafpiorg@gmail.com,Mo-Fr 08:30-17:30,https://pafpi.org/,https://www.facebook.com/pafpi.org,,Iosif,https://www.webbline.com/hiv-testing-centers/
,,,,138,Prosperity Medical Clinic and Laboratory Inc.,,,,Identified HIV Testing/Counselling Facility,NCR,,Metropolitan Manila,,Manila City,,,,"Unit 4 858 Remedios St., Malate Manila",63 2 5212252,14.580,120.981,inquiry@prosperitymedclinic.com,,,,,,https://data.gov.ph/?q=dataset/hiv-testing-hospitals
,A,X,X,139,RBG Medical and Dental Clinic,,,Private,Identified HIV Testing/Counselling Facility,NCR,,Metropolitan Manila,,Manila City,,,,"Tesoro Bldg 1353. A. Mabini St., Ermita, Manila",63 2 5211039,14.573,120.991,,,X,https://facebook.com/pages/category/Medical---Health/RBG-MEDICAL-DENTAL-CLINIC-LABORATORY-661072087237810/,,,https://data.gov.ph/?q=dataset/hiv-testing-hospitals
,,,,140,"Ruben C. Bartolome, MD., Clinic Inc.",,,,Identified HIV Testing/Counselling Facility,NCR,,Metropolitan Manila,,Manila City,,,,"878 J. Nakpil St., Malate Manila",63 2 5254833; 63 2 5251156,14.573,120.989,,,,,,,https://data.gov.ph/?q=dataset/hiv-testing-hospitals
,,,,141,Safeway Diagnostic and Medical Clinic,,,,Identified HIV Testing/Counselling Facility,NCR,,Metropolitan Manila,,Manila City,,,,"Centillion Centre. 2972 Ramon Magsaysay, Manila",63 2 7135219; 63 2 7135220,14.601,121.001,,,,,,,https://data.gov.ph/?q=dataset/hiv-testing-hospitals
Y,X,X,X,142,San Lazaro Hospital,,H4 Pavillion,Gov,Treatment Hub,NCR,,Metropolitan Manila,,Manila City,,,,"Quiricada St, Santa Cruz, Manila, Metro Manila",63 9201209330; 63 9178350031; 63 2 3103128; 63 2 732377678,14.614,120.981,sanlazarohospital@yahoo.com,Mo-Fr 08:00-16:00,http://slh.doh.gov.ph/,,,,https://www.doh.gov.ph/sites/default/files/statistics/HIV_2019_April.pdf
,,,,143,Sanda Diagnostic Center,,,,Identified HIV Testing/Counselling Facility,NCR,,Metropolitan Manila,,Manila City,,,,"2/F Sanda Bldg., A Lacson Cor. Laonglaan St., Sampaloc Manila",63 2 4009287; 63 2 7424080,14.614,120.989,,,,,,,https://data.gov.ph/?q=dataset/hiv-testing-hospitals
,A,X,X,144,Sea Landers Diagnostic and Treatment Center,,,Private,Identified HIV Testing/Counselling Facility,NCR,,Metropolitan Manila,,Manila City,,,,"Unit 15 Rothman Hotel, 1633 M. Adriaco St., Manila",63 2 3092629,14.573,120.984,,,X,https://facebook.com/pages/category/Medical-Center/Sea-Landers-Diagnostic-Treatment-Center-236886446890191/,,,https://data.gov.ph/?q=dataset/hiv-testing-hospitals
,,,,145,Seamed Medical Clinic Inc.,,,,Identified HIV Testing/Counselling Facility,NCR,,Metropolitan Manila,,Manila City,,,,"2/F 867 G. Tolentino St.,Sampaloc, Manila",63 2 7352579,14.606,120.989,,,X,https://facebook.com/seamedmedicalclinic/,,,https://data.gov.ph/?q=dataset/hiv-testing-hospitals
,,,,146,Sim Clinical Laboratory Inc. Manila,,,,Identified HIV Testing/Counselling Facility,NCR,,Metropolitan Manila,,Manila City,,,,"840 Benavidez St., Binondo, Manila",63 2 2431357; 63 2 2436920,14.602,120.976,,,,,,,https://data.gov.ph/?q=dataset/hiv-testing-hospitals
,X,X,X,147,"SM. Lazo Medical Clinic, Inc.",,,,Identified HIV Testing/Counselling Facility,NCR,,Metropolitan Manila,,Manila City,,,,"1766 Taft Ave., Cor. J. Nakpil St., Ermita, Manila",63 2 5241891,14.574,120.989,,,https://www.smlazoclinic.com/,,,,https://data.gov.ph/?q=dataset/hiv-testing-hospitals
,X,X,X,148,St. Luke's Extension Clinic,,,Private,Identified HIV Testing/Counselling Facility,NCR,,Metropolitan Manila,,Manila City,,,,"1177 J. Bacobo St, Ermita, Manila",63 2 5218647 loc. 402; 63 2 85210020; 63 2 85218647; 63 2 85238248,14.579,120.982,slec@slec.ph,,https://slec.ph/,,,Mikko Tamura,https://data.gov.ph/?q=dataset/hiv-testing-hospitals
,A,X,X,149,St. Cecilia Polyclinic,,,Private,Identified HIV Testing/Counselling Facility,NCR,,Metropolitan Manila,,Manila City,,,,"3/F Metrobank Bldg., 1149 A. Mabini St., Ermita Manila",63 2 5262643; 63 2 5262621,14.579,120.980,,,http://stcecilia.tripod.com/,,,Mikko Tamura,https://data.gov.ph/?q=dataset/hiv-testing-hospitals
,X,X,X,150,St. Jude Hospital and Medical Center,,,,Identified HIV Testing/Counselling Facility,NCR,,Metropolitan Manila,,Manila City,,,,"Dimasalang Cor. Don Quijote St., Sampaloc Manila",63 2 7312761 loc. 264; 63 2 7404149,14.616,120.989,,,X,https://facebook.com/sjghmc/,,Mikko Tamura,https://data.gov.ph/?q=dataset/hiv-testing-hospitals
Y,X,X,X,151,Sta. Ana Hospital,,Clinic 4,Gov,Treatment Hub,NCR,,Metropolitan Manila,,Manila City,,,,"2692 New Panaderos Street, 886, Santa Ana Manila, 1009 Metro Manila",63 2 5166790; 63 9093058758,14.583,121.016,staanahospital@yahoo.com,,,,,Kevin John Wandaga,https://www.doh.gov.ph/sites/default/files/statistics/HIV_2019_April.pdf
,,,,152,STD/AIDS Guidance Intervention Prevention (SAGIP),,,Gov,Identified HIV Testing/Counselling Facility,NCR,,Metropolitan Manila,,Manila City,,,,"UP-PGH, Taft, Manila",63 2 5166790; 63 9093058758,14.577,120.986,,Fr-We 08:00-15:00,X,https://www.facebook.com/Sagip.unit/,,Carmela Magayanes,https://www.webbline.com/hiv-testing-centers/
,,,,153,Supercare Medical Services Inc.,,,,Identified HIV Testing/Counselling Facility,NCR,,Metropolitan Manila,,Manila City,,,,"573 Patria Bldg., Maria Orosa cor. Engracia Reyes (formerly Arkansas St.), Ermita, Manila",63 2 85210024-35,14.580,120.982,inquiry@supercare.com.ph,Mo-Fr 07:00-17:00; Sa 08:00-12:00,https://www.supercare.com.ph/,,,Mikko Tamura,https://data.gov.ph/?q=dataset/hiv-testing-hospitals
,,,,154,"The Family Clinic Hospital Clinic, Inc.",,,,Identified HIV Testing/Counselling Facility,NCR,,Metropolitan Manila,,Manila City,,,,"1474 Maria Clara St. Sampaloc,Manila",63 2 7312901 loc. 228,14.614,120.987,,,,,,Mikko Tamura,https://data.gov.ph/?q=dataset/hiv-testing-hospitals
Y,X,X,X,155,Tondo Medical Center,,TMC Haven,Gov,Treatment Hub,NCR,,Metropolitan Manila,,Manila City,,,,"H. Lopez Blvd. Balut, Tondo, Manila",63 9989446223,14.635,120.963,,Mo-Fr 08:00-17:00,http://tmc.doh.gov.ph/,,,,
,X,X,X,156,United Doctors Medical Center,,,,Identified HIV Testing/Counselling Facility,NCR,,Metropolitan Manila,,Manila City,,,,"290 Espana St., Cor. 6 N. Ramirez St., Sampaloc Manila",63 2 7123640 loc. 113; 63 2 7123270,14.617,121.002,,,,,,Mikko Tamura,https://data.gov.ph/?q=dataset/hiv-testing-hospitals
,X,X,X,157,University of Sto. Tomas Hospital,,,Private,Identified HIV Testing/Counselling Facility,NCR,,Metropolitan Manila,,Manila CIty,,,,Espana Sampaloc Manila,63 2 7313001 loc. 2611; 63 2 7417882; 63 2 7311985,14.611,120.990,,,http://www.usthospital.com.ph/,,,maning,https://data.gov.ph/?q=dataset/hiv-testing-hospitals
,A,X,X,158,Vizcarra Diagnostic Center,,,Private,Identified HIV Testing/Counselling Facility,NCR,,Metropolitan Manila,,Manila City,,,,"Segundina Bldg. 464 U.N Ave. St, Ermita,Manila",63 2 5245641 loc. 217,14.580,120.980,,,,,,Mikko Tamura,https://data.gov.ph/?q=dataset/hiv-testing-hospitals
,A,X,X,159,Good Shepherd Laboratory and Health Diagnostic Services Inc.,,,Private,Identified HIV Testing/Counselling Facility,NCR,,Metropolitan Manila,,Marikina City,,,,"19 G and F Bldg Unit A G/F Bayan-Bayanan Ave., Concepcion, Marikina City",63 2 9427942,14.651,121.106,goodshepherdlaboratorygslhdsi@yahoo.com.ph,,,,,maning,https://data.gov.ph/?q=dataset/hiv-testing-hospitals
,X,X,X,160,Health Stat Diagnostic and Health Center,,,Private,Identified HIV Testing/Counselling Facility,NCR,,Metropolitan Manila,,Marikina City,,,,"83 Unit 15 and 16 Marikina East Center Bldg, Gil Fernando Ave., San Roque, Marikina City",63 2 4770551,14.625,121.102,,,,,,maning,https://data.gov.ph/?q=dataset/hiv-testing-hospitals
X,A,X,X,161,Marikina City HIV Satellite Treatment Hub,Marikina Social Hygiene Clinic,,Gov,Primary HIV Care Facility,NCR,,Metropolitan Manila,,Marikina City,,,,"3rd floor, City Health Office of Marikina City",63 2 9422497; 63 9178298862; 63 9338644410,14.636,121.098,,Mo-Fr 08:00-17:00,,,,maning,https://www.doh.gov.ph/sites/default/files/statistics/HIV_2019_April.pdf
,X,X,X,162,Alabang Medical Center,,,Private,Identified HIV Testing/Counselling Facility,NCR,,Metropolitan Manila,,Muntinlupa City,,,,"Alabang Zapote Rd, Alabang, Muntinlupa City",63 2 807819; 63 27750511; 63 2 8508498,14.428,121.024,alabangmedicalcenter8@yahoo.com,,https://alabangmedicalcenter.webs.com/,https://www.facebook.com/alabangmedicalcenter/,,Mikko Tamura,https://data.gov.ph/?q=dataset/hiv-testing-hospitals
,A,X,X,163,American Bio-Clinical Laboratories International,,,Private,Identified HIV Testing/Counselling Facility,NCR,,Metropolitan Manila,,Muntinlupa City,,,,"LG 5 Richville Corporate Tower, Madrigal Business Park Ayala Alabang",63 2 8506288; 63 2 8506289; 63 2 8506287,14.426,121.025,info@abclab.com.ph,"Mo-Sa 06:00-18:00
",https://www.abclab.com.ph/abc-laboratories-main/,,,Mikko Tamura,https://data.gov.ph/?q=dataset/hiv-testing-hospitals
Y,X,X,X,164,Asian Hospital and Medical Center,,,Private,Treatment Hub,NCR,,Metropolitan Manila,,Muntinlupa City,,,,"2205 Civic Drive Filinvest Corporate City, Alabang Muntinlupa City",63 2 7719000 loc. 154; 63 9989641964,14.413,121.044,info@asianhospital.com,Su-Fr 08:00-5:00,http://www.asianhospital.com/,,,Mikko Tamura,https://www.doh.gov.ph/sites/default/files/statistics/HIV_2019_April.pdf
,A,X,X,165,Health Cube Medical Clinics (Alabang Branch),,,Private,Identified HIV Testing/Counselling Facility,NCR,,Metropolitan Manila,,Muntinlupa City,,,,"2nd floor The Hub Westgate Center, Muntinlupa, 1781 Metro Manila",63 2 8231111,14.422,121.034,,,https://healthcubemedicalclinics.continuouscare.io/,,,Kevin John Wandaga,https://www.webbline.com/hiv-testing-centers/
,,,,166,Hi-Precision Diagnostics (Alabang Branch),,,Private,Identified HIV Testing/Counselling Facility,NCR,,Metropolitan Manila,,Muntinlupa City,,,,"Unit 1,2,3,4 AA Corporate Plaza, Civic Drive Filinvest City, Alabang, Muntinlupa City",63 9338193867; 63 9178713008; 63 2 87763702; 63 2 88005987; 63 2 88005967,14.416,121.044,info@hi-precision.com.ph,Mo-Sa 06:00-17:00; Su 06:00-12:00,https://www.hi-precision.com.ph/,,,Papu Torres,https://www.webbline.com/hiv-testing-centers/
,,,,167,MPI-Medical Center Muntinlupa,,,,Identified HIV Testing/Counselling Facility,NCR,,Metropolitan Manila,,Muntinlupa City,,,,"38 National Road, Brgy Putatan,Muntinlupa City",63 2 8620162 loc. 2101,14.395,121.045,,,,,,,https://data.gov.ph/?q=dataset/hiv-testing-hospitals
X,A,,,168,Muntinlupa Social Hygiene Clinic,Muntinlupa Reproductive Health and Wellness Center,,Gov,Primary HIV Care Facility,NCR,,Metropolitan Manila,,Muntinlupa City,,,,"Corteza Bldg., National Rd., Poblacion, Muntinlupa",63 2 8622460; 63 2 8623965; 63 2 8624012; 63 2 8610689; 63 9171858919,14.396,121.045,,"Mo,We,Fr 08:00 -17:00",X,https://www.facebook.com/RHWCRoom101/,,Papu Torres,https://www.webbline.com/hiv-testing-centers/
,X,X,X,169,Ospital ng Muntinlupa,,,Gov,Identified HIV Testing/Counselling Facility,NCR,,Metropolitan Manila,,Muntinlupa City,,,,"Civic Drive, Filinvest Alabang, Muntinlupa City",63 2 7710457 loc. 135; 63 2 7710428,14.414,121.044,,,,,,Mikko Tamura,https://data.gov.ph/?q=dataset/hiv-testing-hospitals
Y,X,X,X,170,Research Institute for Tropical Medicine - ARG,,RITM ARG,Gov,Treatment Hub,NCR,,Metropolitan Manila,,Muntinlupa City,,,,"Supervisor's Office, 2nd floor, main Hospital bldg., Muntinlupa City",63 9269103929; 63 2 8072628 loc. 332,14.410,121.037,info@ritm.gov.ph,,http://ritm.gov.ph/,https://www.facebook.com/RITMPH/?__tn__=%2Cd%2CP-R&eid=ARDDtDIRaQGe8BKEVDF6bkzYZXYX5cz07OyA634gt920MEYcIT0xZgJfPTHxay0K4vTTIbl5MnVpjbZf,,Papu Torres,https://www.doh.gov.ph/sites/default/files/statistics/HIV_2019_April.pdf
,A,X,X,171,Wound Algorithm Polyclinic Center,,,Private,Identified HIV Testing/Counselling Facility,NCR,,Metropolitan Manila,,Muntinlupa City,,,,"Civic Prime, 204 building, Civic Dr, Alabang, Muntinlupa, 1780 Metro Manila",63 2 5121495,14.418,121.043,,,,,,Kevin John Wandaga,https://www.webbline.com/hiv-testing-centers/
,,,,173,Navotas City Social Hygiene Clinic,,,Gov,Identified HIV Testing/Counselling Facility,NCR,,Metropolitan Manila,,Navotas City,,,,"Tumana Health Center Matangbaka st. Navotas City
Navotas",63 9186878023,14.650,120.957,,,X,https://www.facebook.com/NavotasSHC/,,,https://www.webbline.com/hiv-testing-centers/
,X,X,X,174,Medical Center Parañaque,,,,Identified HIV Testing/Counselling Facility,NCR,,Metropolitan Manila,,Paranaque City,,,,"Dr A. Santos Ave., Sucat Road, Paranaque",63 2 8261013; 8256911-14 loc. 16; 63 2 88262096,14.458,121.034,marketingnew.mcpi@gmail.com,,http://www.medicalcenterparanaque.com/,,,Mikko Tamura,https://data.gov.ph/?q=dataset/hiv-testing-hospitals
,,,,176,Hi-Precision Diagnostics (Sucat Branch),,,Private,Identified HIV Testing/Counselling Facility,NCR,,Metropolitan Manila,,Parañaque City,,,,"Unit A-4B Jaka Plaza Mall Dr. A Santos Ave, Sucat, Parañaque City",63 9175782237; 63 9338193858; 63 2 88363431; 63 2 84038733,14.466,121.018,info@hi-precision.com.ph,Mo-Sa 06:00-17:00; Su 06:00-12:00,https://www.hi-precision.com.ph/,,,Papu Torres,https://www.webbline.com/hiv-testing-centers/
,A,X,X,177,Lily by Love Yourself,,,NGO,Identified HIV Testing/Counselling Facility,NCR,,Metropolitan Manila,,Parañaque City,,,,"5th Floor, Pineda Building, #98 Manalac Ave., Sitio De Asis, San Martin de Porres, Paranaque City",63 9171555955; 63 9286896422,14.482,121.046,info@loveyourself.ph,Tu-Su 12:00-21:00,,,,Mikko Tamura,https://www.wheninmanila.com/list-of-clinics-in-philippines-that-offer-free-hiv-testing/
,X,X,X,178,Our Lady of Peace Hospital,,,,Identified HIV Testing/Counselling Facility,NCR,,Metropolitan Manila,,Parañaque City,,,,"Coastal Road, Brgy. San Dionisio, Parañaque City",63 2 8295775 loc. 119; 63 2 8257714,14.489,120.984,,,,,,Mikko Tamura; Franklin Maraya,https://data.gov.ph/?q=dataset/hiv-testing-hospitals
,X,X,X,179,Parañaque Doctors Hospital,,,,Identified HIV Testing/Counselling Facility,NCR,,Metropolitan Manila,,Parañaque City,,,,"175 Dona Soledad Ave.,Better Living Subd, Paranaque City",63 2 7760644 loc. 8101,14.486,121.029,paranaquedoctors@yahoo.com.ph,,http://paranaquedoctorshospital.com/,,,Mikko Tamura,https://data.gov.ph/?q=dataset/hiv-testing-hospitals
,,,,180,South Super Highway Medical Center,,,,Identified HIV Testing/Counselling Facility,NCR,,Metropolitan Manila,,Parañaque City,,,,Km 17 West Cavite Rd. Brg. Marcelo,63 2 8235250 loc. 809; 63 2 8218452,14.475,121.045,,,,,,Carmela Magayanes,https://data.gov.ph/?q=dataset/hiv-testing-hospitals
X,A,X,X,181,Paranaque City Social Hygiene Clinic,,,Gov,Primary HIV Care Facility,NCR,,Metropolitan Manila,,Paranaque Cty,,,,"3rd floor, Right wing, Paranaque City Hall, San Antonio Ave, San Antonio, Parañaque, 1700",63 2 88268219; 63 2 88268195; 63 2 88268229,14.471,121.022,shc.paranaque@gmail.com,Mo-Fr 08:00-17:00,,,,IOSIF,https://www.doh.gov.ph/sites/default/files/statistics/HIV_2019_April.pdf
,,,,182,Centralle Medical (Pasay Branch),,,Private,Identified HIV Testing/Counselling Facility,NCR,,Metropolitan Manila,,Pasay City,,,,"4/F Welcome Plaza, (Old Masagana) Libertad, Pasay City",63 2 8770085; 63 2 8770436,14.547,120.999,info@centrallemedical.com,,,,,Franklin Maraya,https://www.webbline.com/hiv-testing-centers/
,,,,183,Clinimed Biodianostic Center,,,,Identified HIV Testing/Counselling Facility,NCR,,Metropolitan Manila,,Pasay City,,,,2440-C Palm Court St. Pasay City,63 2 8330009,14.545,120.994,,,,,,,https://data.gov.ph/?q=dataset/hiv-testing-hospitals
,A,X,X,184,K Line Laboratory,,,Private,Identified HIV Testing/Counselling Facility,NCR,,Metropolitan Manila,,Pasay City,,,,"2/F K line Bldg., Coral Way Drive, Central Business Park, Macapagal Blvd. Pasay Manila",63 2 5562956 loc. 405,14.531,120.988,,,,,,,https://data.gov.ph/?q=dataset/hiv-testing-hospitals
,X,X,X,185,Love Yourself Uni,,,NGO,Identified HIV Testing/Counselling Facility,NCR,,Metropolitan Manila,,Pasay City,,,,"2028 Taft Avenue Extension, Pasay City",63 2 2569384,14.555,120.997,info@loveyourself.ph,,,,,Mikko Tamura,https://www.webbline.com/hiv-testing-centers/
,,,,186,Malibay Health Center,,,Gov,Identified HIV Testing/Counselling Facility,NCR,,Metropolitan Manila,,Pasay City,,,,"1st Floor, Malibay Health Center,
C. Jose St., Pasay City",63 2 9552638,14.534,121.009,,,,,,,https://www.webbline.com/hiv-testing-centers/
X,A,X,X,187,Pasay City Social Hygiene Clinic,,,Gov,Primary HIV Care Facility,NCR,,Metropolitan Manila,,Pasay City,,,,"Room 106, Pasay City Hall, F.B Harrison St., Pasay City",63 2 88318201; 63 2 5514180; 63 9228915674; 63 9052599229; 63 9064119185,14.544,120.995,,Mo-Fr 08:00-19:00,,,,Iosif,https://www.doh.gov.ph/sites/default/files/statistics/HIV_2019_April.pdf
Y,X,X,X,188,San Juan de Dios Hospital,,Holy Mother of Light Center,Private,Treatment Hub,NCR,,Metropolitan Manila,,Pasay City,,,,"2772 Roxas Blvd. Brgy. 76, Pasay City",63 2 8831973 loc. 1147; 63 9190002166; 63 9298511346,14.539,120.993,,Mo-Fr 08:00-17:00,https://www.sanjuandedios.org/,,,,
,A,X,X,189,Victoria By Love Yourself,,,NGO,Identified HIV Testing/Counselling Facility,NCR,,Metropolitan Manila,,Pasay City,,,,"2/F Torres Bldg., 2442 Park Avenue, Pasay City, Metro Manila",63 9995292330; 63 9153107339; 63 9158318715,14.546,120.997,victoria@loveyourself.ph,Sa-We 12:00-20:00,,,,Mikko Tamura,https://www.wheninmanila.com/list-of-clinics-in-philippines-that-offer-free-hiv-testing/
,,,,190,CADUCEUS Medical Multi-Specialty Clinic,,,Private,Identified HIV Testing/Counselling Facility,NCR,,Metropolitan Manila,,Pasig City,,,,"San Miguel Ave, Ortigas Center, Pasig, Metro Manila",63 9153998653; 63 9228188018,14.581,121.059,,,,,,Franklin Maraya,https://www.webbline.com/hiv-testing-centers/
,A,X,X,191,Hi-Precision Diagnostics (Ortigas Branch),,,Private,Identified HIV Testing/Counselling Facility,NCR,,Metropolitan Manila,,Pasig City,,,,"Unit G20-G23 Ortigas Technopoint One, Doña Julia Vargas Ave., Ortigas, Pasig City",63 9257094833; 63 9177088948; 63 2 86337931; 63 2 87270506,14.585,121.066,info@hi-precision.com.ph,Mo-Sa 07:00-16:00,https://www.hi-precision.com.ph/,,,Mikko Tamura,https://www.webbline.com/hiv-testing-centers/
,A,X,X,192,Hi-Precision Diagnostics (Pasig Branch),,,Private,Identified HIV Testing/Counselling Facility,NCR,,Metropolitan Manila,,Pasig City,,,,"Unit 102-202 Armal Building Compound, F. Legaspi St. cor C. Raymundo Ave., Maybunga, Pasig City",63 9338193850; 63 9178481407; 63 2 86283277,14.576,121.085,info@hi-precision.com.ph,Mo-Sa 06:00-16:00; Su 06:00-12:00,https://www.hi-precision.com.ph/,,,Mikko Tamura,https://www.webbline.com/hiv-testing-centers/
,X,X,X,193,Hi-Precision Diagnostics (Pioneer Branch),,,Private,Identified HIV Testing/Counselling Facility,NCR,,Metropolitan Manila,,Pasig City,,,,"8006 Pioneer Centre Cor. United and Brixton Street, Brgy. Kapitolyo, Pasig City",63 9338193859; 63 9176594671; 63 2 86317306,14.574,121.058,info@hi-precision.com.ph,Mo-Sa 06:00-17:00,https://www.hi-precision.com.ph/,,,Mikko Tamura,https://www.webbline.com/hiv-testing-centers/
,A,X,X,195,The Icon Clinic,,,Private,Identified HIV Testing/Counselling Facility,NCR,,Metropolitan Manila,,Pasig City,,,,"Unit G3 BTTC CENTRE 288 Ortigas Ave corner Roosevelt St., Greenhills, San Juan, Metro Manila",63 9209476202,14.603,121.045,eric@theiconclinic.com,,X,https://www.facebook.com/TheIconClinic/,,Franklin Maraya,https://www.webbline.com/hiv-testing-centers/
X,A,X,X,196,Pasig Social Hygiene Clinic,,Pasig Treatment Hub,Gov,Primary HIV Care Facility,NCR,,Metropolitan Manila,,Pasig City,,,,"Rm 5, 5F Pasig City Hall, Caruncho Ave., Brgy. San Nicolas, Pasig City",63 9165519820; 63 9774992796,14.559,121.082,,Mo-Fr 09:00-18:00,X,https://www.facebook.com/pages/category/Social-Service/Pasig-City-Social-Hygiene-Clinic-Pasig-Treatment-Hub-1072635989523501/,,Maning,https://www.doh.gov.ph/sites/default/files/statistics/HIV_2019_April.pdf
,A,X,X,197,Project Red Ribbon,,,NGO,Identified HIV Testing/Counselling Facility,NCR,,Metropolitan Manila,,Pasig City,,,,"Unit 401 4th Floor, Lumiere Suites, General Capinpin Street, San Antonio, Pasig,",63 2 86567297; 63 9063901031; 63 9052986954,14.578,121.061,contact@projectredribbon.org,,https://www.hivphilippines.com/,https://www.facebook.com/projectredribbon/,,Mikko Tamura,https://www.webbline.com/hiv-testing-centers/
Y,X,X,X,198,Rizal Medical Center,,,Gov,Treatment Hub,NCR,,Metropolitan Manila,,Pasig City,,,,"425 Pasig Blvd. Barangay Bagong Ilog, Pasig City",63 9326019341; 63 9778421435; 63 9361944238; 63 9326019341,14.564,121.066,,Mo-Fr 07:00-16:00,http://www.rmc.doh.gov.ph/,,,Mikko Tamura; Carmela Magayanes,https://www.doh.gov.ph/sites/default/files/statistics/HIV_2019_April.pdf
,X,X,X,199,Saint Camillus Medical Center,St. Camilus Poly Clinic,,Private,Identified HIV Testing/Counselling Facility,NCR,,Metropolitan Manila,,Pasig City,,,,"116 E. Amang Rodriguez Avenue, Santolan  Pasig City 1600 Philippines",63 2 8645374; 63 2 6453741; 63 9052599199; 63 2 6453742,14.612,121.092,stcampasig@stcamillusmedicalcenterpasig.com,,http://www.stcamillusmedicalcenterpasig.com/,https://www.facebook.com/stcamillusmedicalcenter/,,Maning,https://www.webbline.com/hiv-testing-centers/
Y,X,X,X,201,The Medical City,,i-REACT Clinic,Private,Treatment Hub,NCR,,Metropolitan Manila,,Pasig City,,,,"Ortigas Ave, Pasg City",63 2 9881000 loc. 6765,14.590,121.069,rctecson@medicalcity.com.ph; cndiwa@medicalcity.com ph,Mo-Su 09:00-15:00,http://themedicalcity.com,,,Mikko Tamura,https://www.doh.gov.ph/sites/default/files/statistics/HIV_2019_April.pdf
,,,,202,Juan R. Sanchez Health Center,,,Gov,Identified HIV Testing/Counselling Facility,NCR,,Metropolitan Manila,,Pateros,,,,"P. Rosales Street, Pateros, Metro Manila",63 2 6410614; 63 2 6413256,14.547,121.071,,,,,,Papu Torres,https://www.webbline.com/hiv-testing-centers/
X,A,X,X,203,A. J. Maximo Social Hygiene Clinic,,,Gov,Primary HIV Care Facility,NCR,,Metropolitan Manila,,Quezon City,,,,"2nd flr. Bautista Building, 8 Dona Isaura, Novaliches, Quezon City",63 9985734877,14.721,121.037,,,X,https://www.facebook.com/A-J-Maximo-Social-Hygiene-Clinic-102591168005944/,,Joji Bonilla,https://www.doh.gov.ph/sites/default/files/statistics/HIV_2019_April.pdf
,,,,,Klinika Novaliches Sun Down Clinic,,,,Primary HIV Care Facility,NCR,,Metropolitan Manila,,Quezon City,,,,"2nd flr. Bautista Building, 8 Dona Isaura, Novaliches, Quezon City",63 9985734877; 63 9169475361,14.721,121.037,knovaliches5@gmail.com,Mo-Fr 08:00-17:00,X,https://www.facebook.com/klinikanovalichessocialhygieneclinic/,,,
,A,X,X,204,AIDS Society of the Philippines,,,NGO,Identified HIV Testing/Counselling Facility,NCR,,Metropolitan Manila,,Quezon City,,,,"2nd floor, OTM Building 71 Scout Tuason, Diliman, Quezon City, Metro Manila",63 2 3762546; 63 2 3762541; 63 2 4100204,14.637,121.033,info@aidsphil.org,Mo-Fr 07:00-18:00,www.aidsphil.org,,,Joji Bonilla,https://www.facebook.com/RedTentPh/posts/list-of-hiv-testing-and-counseling-centerssan-lazaro-hospitalquiricada-st-sta-cr/1909593362641522/
X,X,X,X,205,Batasan Hills Super Health Center,,,Gov,Primary HIV Care Facility,NCR,,Metropolitan Manila,,Quezon City,,,,"#1 IBP Road, Batasan Hills, Quezon City",63 9322959752; 63 9232790558; 63 9234769392; 63 9458747881,14.686,121.088,batasanhillshc@gmail.com,Mo-Fr 08:00-17:00,X,https://www.facebook.com/batasansuper/,,Mikko Tamura,https://www.doh.gov.ph/sites/default/files/statistics/HIV_2019_April.pdf
,,,,,Klinika Batasan,,,NGO,Identified HIV Testing/Counselling Facility,NCR,,Metropolitan Manila,,Quezon City,,,,"#1 IBP Road, Batasan Hills, Quezon City",63 9458747881,14.686,121.088,klinikabatasan2018@gmail.com,15:00-23:00,X,https://www.facebook.com/kbatasan//,,,
,,,,206,Best Diagnostic Corporation,,,,Identified HIV Testing/Counselling Facility,NCR,,Metropolitan Manila,,Quezon City,,,,"94 Masikap St., Diliman Quezon City",63 2 9201023; 63 2 9280861,14.645,121.052,,Mo-Sa 06:00-18:00; Su 06:00-12:00,https://www.bestdiagnostic.com.ph/,,,Mikko Tamura,https://data.gov.ph/?q=dataset/hiv-testing-hospitals
,X,X,X,207,Capitol Medical Center,,,,Identified HIV Testing/Counselling Facility,NCR,,Metropolitan Manila,,Quezon City,,,,"Scout Magbanua Cor. Panay Ave.,Quezon City",63 2 3712158,14.634,121.023,info@capitolmedical.com.ph,,https://www.capitolmedical.com.ph/,,,Mikko Tamura,https://data.gov.ph/?q=dataset/hiv-testing-hospitals
,,,,208,Christian Medical Clinic Inc.,,,,Identified HIV Testing/Counselling Facility,NCR,,Metropolitan Manila,,Quezon City,,,,"22-B Madison st, New Manila, Quezon City",63 2 4165358,14.613,121.031,,Mo-Fr 08:00-17:00,www.getwellhealthsystemsinc.com.ph,,,Joji Bonilla,https://data.gov.ph/?q=dataset/hiv-testing-hospitals
,X,X,X,209,Delos Santos Medical Center,,,Private,Identified HIV Testing/Counselling Facility,NCR,,Metropolitan Manila,,Quezon City,,,,"201 E. Rodriguez St. Ave.,Quezon City",63 2 7228788,14.620,121.018,customercare@dlsmc.ph,,https://delossantosmed.ph/,,,Maning,https://data.gov.ph/?q=dataset/hiv-testing-hospitals
,X,X,X,210,Dr. Fe Del Mundo Medical Center,,,Private,Identified HIV Testing/Counselling Facility,NCR,,Metropolitan Manila,,Quezon City,,,,"11 Banawe St., Brgy Dona Josefa,Quezon Ave., Quezon City",63 2 8459555 loc. 167,14.621,121.009,customercare@fedelmundo.com.ph,,https://www.fedelmundo.com.ph/,,,Maning,https://data.gov.ph/?q=dataset/hiv-testing-hospitals
,,,,211,East Pacific Medocare Diagnostic Center,,,,Identified HIV Testing/Counselling Facility,NCR,,Metropolitan Manila,,Quezon City,,,,"No. 30 E.U State Tower, Quezon Ave.",63 2 4126195,14.621,121.006,,,,,,,https://data.gov.ph/?q=dataset/hiv-testing-hospitals
,,,,212,F.Y Manalo Medical Foundation New Era General Hospital,,,,Identified HIV Testing/Counselling Facility,NCR,,Metropolitan Manila,,Quezon City,,,,"Commonwealth Ave., Cor. T. Sora, Diliman, Quezon City",63 2 9327387,14.664,121.068,,,,,,,https://data.gov.ph/?q=dataset/hiv-testing-hospitals
,,,,213,"FEU-NRMF Medical Center, Dept. Of Clinical Laboratory",,,,Identified HIV Testing/Counselling Facility,NCR,,Metropolitan Manila,,Quezon City,,,,"Regalado Cor. Dahlia St., West Fairview",63 2 4275755,14.699,121.067,info@feu-nrmf.ph,,https://www.feu-nrmf.ph/index.php,,,Mikko Tamura,https://data.gov.ph/?q=dataset/hiv-testing-hospitals
,,,,214,Good Health Diagnostic Center,,,,Identified HIV Testing/Counselling Facility,NCR,,Metropolitan Manila,,Quezon City,,,,"Room 302 Young Trade Bldg Gen Malvar Ave., Quezon City",63 2 9110282,14.622,121.053,,,,,,,https://data.gov.ph/?q=dataset/hiv-testing-hospitals
,,,,215,Hi-Precision Diagnostics (Amoranto Branch),,,Private,Identified HIV Testing/Counselling Facility,NCR,,Metropolitan Manila,,Quezon City,,,,"674 N. S. Amoranto Sr. Avenue, Quezon City",63 9338107323; 63 9177089051; 63 2 34152622; 63 2 87431730,14.634,121.004,info@hi-precision.com.ph,Mo-Sa 06:00-16:00,https://www.hi-precision.com.ph/,,,Papu Torres,https://www.webbline.com/hiv-testing-centers/
,,,,216,Hi-Precision Diagnostics (Commonwealth Branch),,,Private,Identified HIV Testing/Counselling Facility,NCR,,Metropolitan Manila,,Quezon City,,,,"G/F CPE Multi-Resources Inc. Bldg., Lot 21, Blk. 2, Don Mariano Marcos Ave., Fairview, Quezon City",63 9338259510; 63 9178062890; 63 2 82730874; 63 2 82850928,14.705,121.077,info@hi-precision.com.ph,"Mo-Sa 06:00- 16:00; Su 08:00-12:00, 13:00-00:00",https://www.hi-precision.com.ph/,,,Papu Torres,https://www.webbline.com/hiv-testing-centers/
,,,,217,Hi-Precision Diagnostics (Del Monte Branch),,,Private,Identified HIV Testing/Counselling Facility,NCR,,Metropolitan Manila,,Quezon City,,,,"440 - 442 W. Long Building Del Monte Ave cor. Biak-Na-Bato, Bgy.Sienna, Quezon City",63 9228906664; 63 9176348526; 63 2 87417777,14.638,121.003,info@hi-precision.com.ph,Mo-Sa 06:00-18:00; Su 06:00-12:30,https://www.hi-precision.com.ph/,,,Papu Torres,https://www.webbline.com/hiv-testing-centers/
,,,,218,Hi-Precision Diagnostics (East Avenue Branch),,,Private,Identified HIV Testing/Counselling Facility,NCR,,Metropolitan Manila,,Quezon City,,,,"18 East Avenue, Cor. V.Luna Diliman, Quezon City",63 9338193853; 63 9175782198; 63 2 34361097; 63 2 34358228,14.637,121.046,info@hi-precision.com.ph,Mo-Sa 06:00-18:00; Su 06:00-12:00,https://www.hi-precision.com.ph/,,,Papu Torres,https://www.webbline.com/hiv-testing-centers/
,A,X,X,219,Hi-Precision Diagnostics (V. Luna Branch),,,Private,Identified HIV Testing/Counselling Facility,NCR,,Metropolitan Manila,,Quezon City,,,,"G/F Garpas Tower No. 31-B V.Luna Ave., Pinyahan, Quezon City",63 9338193799; 63 9176566623; 63 2 34338637; 63 2 34368682,14.637,121.050,info@hi-precision.com.ph,Mo-Sa 06:00-17:00,https://www.hi-precision.com.ph/,,,Papu Torres,https://www.webbline.com/hiv-testing-centers/
Y,A,X,X,48,Klinika Project 7,,,,Primary HIV Care Facility,NCR,,Metropolitan Manila,,Quezon City,,,,"29 Bansalangin Street, Brgy. Veterans Village, Project 7, Quezon City",63 9171199884; 63 9224568832,14.655,121.023,"ejojet@gmail.com
",Mo-Fr 08:00-17:00,X,www.facebook.com/klinikaprojectseven,,Beatrice Tan Lim,https://www.facebook.com/KlinikaProject7/
,,,,111,Project 7 Social Hygiene Clinic,,,Gov,Primary HIV Care Facility,NCR,,Metropolitan Manila,,Quezon City,,,,"29 Bansalangin Street, Brgy. Veterans Village, Project 7, Quezon City",63 922456 8832; 63 9178561158,14.655,121.023,,,X,https://www.facebook.com/qcpeereducators/,,,
,,,,221,Life Value Diagnostic and Medical Center,,,,Identified HIV Testing/Counselling Facility,NCR,,Metropolitan Manila,,Quezon City,,,,"155A Tadang Sora Ave.,Quezon City",63 2 4566967,14.677,121.034,lifevaluediag@yahoo.com,,,,,,https://data.gov.ph/?q=dataset/hiv-testing-hospitals
,,,,222,Lopez Medical and X-ray Clinic,,,,Identified HIV Testing/Counselling Facility,NCR,,Metropolitan Manila,,Quezon City,,,,"Casa Bella Bldg., 2nd Flr 1046 Quezon Ave., Quezon City",63 2 3719586; 63 2 3725026,14.633,121.020,lmxci@omdsinc.com,,http://lmxci.omdsinc.com/index.html,,,,https://data.gov.ph/?q=dataset/hiv-testing-hospitals
Y,X,X,X,223,Lung Center of the Philippines,,LCP Hub,Gov,Treatment Hub,NCR,,Metropolitan Manila,,Quezon City,,,,"Quezon Ave., Quezon City",63 9189158378,14.647,121.046,lcpnrlcc2020@gmail.com,Mo-Fr 08:00-17:00,https://lcp.gov.ph/,,,Mikko Tamura,https://data.gov.ph/?q=dataset/hiv-testing-hospitals
Y,A,X,X,224,P. Bernardo Health Center and Social Hygiene Clinic,,,Gov,Primary HIV Care Facility,NCR,,Metropolitan Manila,,Quezon City,,,,"Ermin Garcia Ave., Quezon City",63 9324033412; 63 9164781607; 63 9052599245; 63 9052599211,14.628,121.047,,Mo-Fr 08:00-16:00,X,https://www.facebook.com/Bernardo-Social-Hygiene-Clinic-570922586350028/,,Mikko Tamura,https://www.doh.gov.ph/sites/default/files/statistics/HIV_2019_April.pdf
,,,,,Klinika Bernardo,,,,Primary HIV Care Facility,NCR,,Metropolitan Manila,,Quezon City,,,,"Ermin Garcia Ave., Quezon City",63 9193635919; 63 9454091896; 63 927259160,14.628,121.047,klinikabernardo@yahoo.com,Mo-Fr 08:00-16:00,X,https://www.facebook.com/theklinikabernardo/,,,
,X,X,X,225,Philippine Children's Medical Center,,,Gov,Identified HIV Testing/Counselling Facility,NCR,,Metropolitan Manila,,Quezon City,,,,"Cor. Agham Road, Quezon Ave. Quezon City","63 2 9246601-25 loc. 323,246; 63 2 9219781",14.647,121.041,officeofthedirector@pcmc.gov.ph,,http://www.pcmc.gov.ph/,,,Maning,https://data.gov.ph/?q=dataset/hiv-testing-hospitals
,X,X,X,226,Philippine Heart Center Blood Bank,,,Gov,Identified HIV Testing/Counselling Facility,NCR,,Metropolitan Manila,,Quezon City,,,,"East Ave., Diliman Quezon City",63 2 9252401 loc. 5130; 63 2 9291638,14.644,121.048,director@phc.gov.ph,,https://www.phc.gov.ph/,,,,https://data.gov.ph/?q=dataset/hiv-testing-hospitals
Y,X,X,X,227,Quezon City General Hospital,,Bahay Kalinga,Gov,Treatment Hub,NCR,,Metropolitan Manila,,Quezon City,,,,"Seminary Road, EDSA",63 2 8630800; 63 9264015339,14.661,121.018,qcgh@quezoncity.gov.ph,Mo-Fr 08:00-17:00,,,,,https://www.doh.gov.ph/sites/default/files/statistics/HIV_2019_April.pdf
,,,,228,Quezon City Social Hygiene Clinic,,,Gov,Identified HIV Testing/Counselling Facility,NCR,,Metropolitan Manila,,Quezon City,,,,"132-N Makatarungan Road corner Kalayaan Ave, Diliman, Quezon City, 1100 Metro Manila",63 2 9298902,14.646,121.052,,,,,,Franklin Maraya,https://www.webbline.com/hiv-testing-centers/
,X,X,X,229,Quirino Memorial Medical Center,,,,Identified HIV Testing/Counselling Facility,NCR,,Metropolitan Manila,,Quezon City,,,,"Katipunan Road, Project 4 Quezon City","63 2 4212250,55 loc. 134-136; 63 2 9134739",14.622,121.073,qmmc_doh@yahoo.com,,http://qmmc.doh.gov.ph/,,,Mikko Tamura,https://data.gov.ph/?q=dataset/hiv-testing-hospitals
Y,X,X,X,230,St. Luke’s Medical Center,,CHBC Room 2,Private,Treatment Hub,NCR,,Metropolitan Manila,,Quezon City,,,,"279 E. Rodriguez Sr. Ave, Quezon City",63 2 87230101 loc. 4929; 63 9498817626,14.623,121.023,info@stlukes.com.ph,Mo-Fr 08:00-17:00,https://www.stlukes.com.ph/,,,,
,A,X,X,231,"St. Magdalene Diagnostic Clinic, Inc.",,,Private,Identified HIV Testing/Counselling Facility,NCR,,Metropolitan Manila,,Quezon City,,,,"2/F JCR Bldg., 298 P. Tuazon St., Cor. 20th Ave., Cubao Quezon City",63 2 4401546; 63 2 9139856; 63 2 4388515,14.621,121.063,info@stmagdalene.com.ph,,http://www.stmagdalene.com.ph/index.html,,,Mikko Tamura; Franklin Maraya,https://data.gov.ph/?q=dataset/hiv-testing-hospitals
,A,,,232,Starmed Diagnostic Services Inc.,,,,Identified HIV Testing/Counselling Facility,NCR,,Metropolitan Manila,,Quezon City,,,,"Rm 101 Acre Bldg 137 Malakas St, Diliman, Quezon City",63 2 4330103,14.644,121.049,starmed.diagnostics@yahoo.com,,X,https://www.facebook.com/StarmedDiagnostics/,,,https://data.gov.ph/?q=dataset/hiv-testing-hospitals
,A,X,X,233,Sto Domingo Diagnostic and Medical Center Corp.,,,Private,Identified HIV Testing/Counselling Facility,NCR,,Metropolitan Manila,,Quezon City,,,,"No. 111 LM Bldg. 3/F Rm 303 Quezon Ave., Sto. Domingo",63 2 3818435; 63 2 7408362,14.627,121.012,sto.domingo.tertiary@gmail.com,,https://www.stodomingodx.com.ph/,,,Mikko Tamura; Franklin Maraya,https://data.gov.ph/?q=dataset/hiv-testing-hospitals
,,,,234,Take The Test Project,,,NGO,Identified HIV Testing/Counselling Facility,NCR,,Metropolitan Manila,,Quezon City,,,,"EDSA Across NEPA Q-Mart, Cubao, Quezon City",63 9998844878; 63 9328844878,14.628,121.048,,,,,,Papu Torres,https://www.webbline.com/hiv-testing-centers/
,,,,235,Woodwater Center for Healing,,,NGO,Identified HIV Testing/Counselling Facility,NCR,,Metropolitan Manila,,Quezon City,,,,"18 Nicanor Reyes St. Loyola Heights, Quezon City",63 2 9263147 loc. 17; 63 9159601717,14.640,121.069,,,,https://www.facebook.com/camilliansHIVministry/,,Carmela Magayanes,https://www.webbline.com/hiv-testing-centers/
,,,,236,"Worldwide Diagnostic Center, Philippines",,,,Identified HIV Testing/Counselling Facility,NCR,,Metropolitan Manila,,Quezon City,,,,"Mezzanine floor Delta Bldg., West Ave., Cor. Quezon Ave.",63 2 3720589; 63 2 3712087,14.638,121.027,,,,,,,https://data.gov.ph/?q=dataset/hiv-testing-hospitals
,A,X,X,237,Health Cube Medical Clinics (Greenhills Branch),,,Private,Identified HIV Testing/Counselling Facility,NCR,,Metropolitan Manila,,San Juan City,,,,"Basement 1, Promenade Building Shopping Center, San Juan, 1500 Metro Manila",63 2 6501111,14.603,121.052,inquiry@healthcube.com.ph,,https://healthcubemedicalclinics.continuouscare.io/,,,Kevin John Wandaga,https://www.webbline.com/hiv-testing-centers/
,,,,238,Hi-Precision Diagnostics (San Juan Branch),,,Private,Identified HIV Testing/Counselling Facility,NCR,,Metropolitan Manila,,San Juan City,,,,"Unit G01, G02 & M01, TNA Bldg. 17 J. Abad Santos, Little Baguio, San Juan City",63 9257055067; 63 9177002685; 63 2 88717459; 63 2 88716406,14.599,121.038,info@hi-precision.com.ph,Mo-Sa 06:00-16:00,https://www.hi-precision.com.ph/,,,Papu Torres,https://www.webbline.com/hiv-testing-centers/
,,,,239,"Medical Dental Tests Center, Inc. (MEDTEST)",,,,Identified HIV Testing/Counselling Facility,NCR,,Metropolitan Manila,,San Juan City,,,,"4/F Dallcon II Bldg., 164 Aurora Blvd.",63 2 7442637,14.611,121.028,,,,,,Carmela Magayanes,https://data.gov.ph/?q=dataset/hiv-testing-hospitals
,,,,240,Pedro Cruz Social Hygiene Clinic,,,Gov,Identified HIV Testing/Counselling Facility,NCR,,Metropolitan Manila,,San Juan City,,,,"Barangay Pedro Cruz, San Juan, Metro Manila, Philippines",63 2 7995069,14.605,121.026,,,,,,Franklin Maraya,https://www.webbline.com/hiv-testing-centers/
Y,A,X,X,241,San Juan City Social Hygiene Clinic,,,Gov,Primary HIV Care Facility,NCR,,Metropolitan Manila,,San Juan City,,,,"F. Manalo St.,Bgy. Batis 1500 San Juan City",63 2 6421262; 63 9267542917; 63 9277645343; 63 9499310940,14.598,121.025,,,X,https://www.facebook.com/sanjuanSHC/,,Mikko Tamura,https://www.doh.gov.ph/sites/default/files/statistics/HIV_2019_April.pdf
,X,X,X,242,San Juan Medical Center,,,,Identified HIV Testing/Counselling Facility,NCR,,Metropolitan Manila,,San Juan City,,,,"N. Domingo , San Juan City","63 2 7243461; 63 2 7243266 loc. 103,104",14.607,121.023,,Mo-Fr 08:00-17:00,,,,Mikko Tamura,https://data.gov.ph/?q=dataset/hiv-testing-hospitals
,,,,244,Clinic 1276,,,NGO,Identified HIV Testing/Counselling Facility,NCR,,Metropolitan Manila,,Taguig City,,,,"Room 1276, 12th fl., Nursing Tower, St. Luke's Medical Center, Global City, Taguig",63 9399373182; 63 2 7897700,14.555,121.048,room1276.bgc@stluke.com.ph,,,,,Franklin Maraya,https://www.webbline.com/hiv-testing-centers/
,X,X,X,245,Hi-Precision Diagnostics (The Fort Branch),,,Private,Identified HIV Testing/Counselling Facility,NCR,,Metropolitan Manila,,Taguig City,,,,"3F Commercenter Bldg., 31st and 4th Ave., Fort Bonifacio Global City, Taguig",63 9338259505; 63 9338259504; 63 9176336071; 63 2 85523310; 63 2 85501735,14.554,121.048,info@hi-precision.com.ph,Mo-Sa 07:00-17:00,https://www.hi-precision.com.ph/,,,Mikko Tamura,https://www.webbline.com/hiv-testing-centers/
Y,X,X,X,246,St. Luke's Medical Center Global City,,Room 1276,Private,Treatment Hub,NCR,,Metropolitan Manila,,Taguig City,,,,"Room 1276 Rizal Drive cor. 32nd St. and 5th Ave., Taguig, 1634",63 9399373182; 63 2 7897700 loc. 5003,14.623,121.023,info.bgc@stlukes.com.ph,"Tu,Th 11:00-19:00; We,Fr-Sa 09:00-17:00",https://www.stlukes.com.ph/,,,Mikko Tamura/Allen Motas,https://www.doh.gov.ph/sites/default/files/statistics/HIV_2019_April.pdf
Y,A,,,252,Taguig City Drop-in Center,,,Gov,Primary HIV Care Facility,NCR,,Metropolitan Manila,,Taguig City,,,,"Service Road, Western Bicutan",63 2 6421262; 63 9267542917; 63 9293028855,14.511,121.034,,,X,https://www.facebook.com/taguigsocialhygiene,,,
Y,A,X,X,247,Taguig Social Hygiene Clinic,,,Gov,Treatment Hub,NCR,,Metropolitan Manila,,Taguig City,,,,"Taguig City Health Office, T&D Village Cor. Col. P, MAJ E Cruz St, Taguig, 1630 Metro Manila",63 2 6421262; 63 9267542917; 63 9293028855,14.529,121.069,,Mo-Fr 08:00-17:00,X,https://www.facebook.com/taguigsocialhygiene,,Iosif,https://www.webbline.com/hiv-testing-centers/
,,,,243,Yoga For Life Foundation,,,NGO,Identified HIV Testing/Counselling Facility,NCR,,Metropolitan Manila,,Taguig City,,,,"Beyond Serendra C203-C209-C211 2/F Serendra, 11th Ave., Bonifacio Global City, Taguig",63 9179546325,14.550,121.054,yogaforlife.ph@gmail.com,,X,https://www.facebook.com/yogaforlife.ph/,,Papu Torres,https://www.webbline.com/hiv-testing-centers/
,A,,,248,Centralle Medical (Valenzuela Branch),,,Private,Identified HIV Testing/Counselling Facility,NCR,,Metropolitan Manila,,Valenzuela City,,,,"119 Paso De Blas St, Valenzuela, 1440 Metro Manila",63 2 86243171; 63 2 82360865,14.707,120.992,,Mo-Sa 07:00-17:00,http://centrallemedical.com/,,,Rome Enriquez,https://www.webbline.com/hiv-testing-centers/
,,,,249,Hi-Precision Diagnostics (Valenzuela Branch),,,Private,Identified HIV Testing/Counselling Facility,NCR,,Metropolitan Manila,,Valenzuela City,,,,"Unit 3 & 4, Arca North Compound, 286 MacArthur Hi-way, Karuhatan, Valenzuela City",63 9338193866; 63 9176567012; 63 2 82363280; 63 2 82829141,14.692,120.973,info@hi-precision.com.ph,"
Mo-Sa 06:00-16:00",https://www.hi-precision.com.ph/,,,Papu Torres,https://www.webbline.com/hiv-testing-centers/
Y,A,,,250,Valenzuela City Social Hygiene Clinic,,,Gov,Primary HIV Care Facility,NCR,,Metropolitan Manila,,Valenzuela City,,,,"Valenzuela City Hall, Poblacion II, Malinta, Valenzuela City",63 2 3526000 loc. 6046; 63 9514415118,14.692,120.970,,Mo-Fr 08:00-17:00,X,https://www.facebook.com/VCSHC/,,,https://www.doh.gov.ph/sites/default/files/statistics/HIV_2019_April.pdf
,,,,,Sumilang Health Center,,,Gov,Primary HIV Care Facility,NCR,,Metropolitan Manila,,Pasig City,,,,,63 2 6416800,14.559,121.073,,,,,,,
,,,,,Klinika Rosario,,,,Primary HIV Care Facility,NCR,,Metropolitan Manila,,Manila City,,,,"627 San Andres St., Malate Manila",63 9455102130,14.570,120.988,,Mo-Su 14:00-21:00,,,,,